{
    "projectFileVersion": "2022-05-01",
    "stringIndexType": "Utf16CodeUnit",
    "metadata": {
        "projectKind": "Conversation",
        "settings": {
            "confidenceThreshold": 0
        },
        "projectName": "Kavitha",
        "multilingual": false,
        "description": "Chat bot",
        "language": "en-us"
    },
    "assets": {
        "projectKind": "Conversation",
        "intents": [
            {
                "category": "None"
            },
            {
                "category": "kavitha"
            }
        ],
        "entities": [],
        "utterances": []
    }
}